{
    "Услуги банка": 4.45,
    "Одежда и обувь": 40.55,
    "Супермаркеты": 597.7299999999999,
    "Связь": 262.5,
    "Фастфуд": 179.69999999999996,
    "Переводы": 9059.3,
    "Аптеки": 71.47,
    "Транспорт": 146.4,
    "Различные товары": 25.35,
    "Мобильная связь": 1.0,
    "Рестораны": 6.75,
    "Бонусы": 3.7,
    "Ж/д билеты": 86.74
}